Image,1,2,3,4,5,6,7,8,9,10,11,12,13,14,15,16,17,18,19,20,21,22,23,24,25,26,27,28,29,30,31,32,33,34,35,36,37,38,39,40,41,42,43,44,45,46,47,48,49,50,51,52,53,54,55,56,57,58,59,60,61,62,63,64
1802late79,6.733813285827637,30.952028274536133,6.323047161102295,6.871413707733154,2.441809892654419,65.88544464111328,4.377347469329834,16.57950210571289,4.624922275543213,28.89533042907715,3.6938977241516113,18.40855598449707,22.243370056152344,30.546152114868164,64.25135803222656,8.301621437072754,0.0,7.647439002990723,5.3681321144104,45.562286376953125,27.742795944213867,7.893519401550293,49.493473052978516,15.912232398986816,12.99524211883545,32.121498107910156,7.012591361999512,1.0951493978500366,43.04066848754883,4.3155598640441895,6.613964080810547,18.30424690246582,94.67865753173828,1.0089890956878662,2.945511817932129,5.842067718505859,102.66449737548828,2.4788122177124023,16.22565460205078,139.05116271972656,11.99257755279541,13.855132102966309,4.0407843589782715,53.21985626220703,14.026947975158691,8.837488174438477,5.6727614402771,6.540340900421143,24.632356643676758,30.995986938476562,32.257102966308594,9.525999069213867,4.105865001678467,15.466849327087402,13.55084228515625,20.536388397216797,4.596262454986572,16.548540115356445,5.351247787475586,0.0,6.063968181610107,278.3670654296875,5.677052974700928,3.316739797592163
1802late92,7.650644302368164,26.475112915039062,7.478488922119141,7.379360675811768,3.060565948486328,65.57943725585938,4.365116119384766,17.292064666748047,4.724287033081055,27.389320373535156,4.123973846435547,16.492273330688477,14.484354019165039,27.604305267333984,65.7631607055664,8.513469696044922,0.00044532353058457375,6.964630126953125,6.621094226837158,46.475303649902344,27.441213607788086,8.619462013244629,45.60578918457031,17.56434440612793,10.82219123840332,28.5584659576416,7.484268665313721,1.1311954259872437,44.3917121887207,4.402441024780273,6.056549549102783,29.565505981445312,96.4249038696289,2.1923444271087646,3.2905516624450684,6.45766019821167,96.3575439453125,3.2017011642456055,13.901748657226562,140.95542907714844,9.39315128326416,15.05413818359375,4.301751136779785,54.50214385986328,12.115204811096191,9.4716215133667,5.985902309417725,7.238061904907227,25.566396713256836,29.503082275390625,27.03209114074707,10.396171569824219,4.356008529663086,16.354429244995117,14.642906188964844,17.367210388183594,5.103076457977295,18.09898567199707,5.996681213378906,0.0,6.5786237716674805,283.081787109375,6.2619547843933105,3.96425461769104
1802late86,7.196722507476807,27.33814239501953,6.332213878631592,7.27773904800415,2.7256503105163574,68.40744018554688,4.120009422302246,16.903804779052734,4.708810329437256,28.32237434387207,3.976262092590332,16.055084228515625,12.771211624145508,27.954200744628906,65.2763900756836,8.47653579711914,0.0,6.626051902770996,7.953061580657959,46.29117965698242,28.048023223876953,8.26179027557373,47.111045837402344,18.13442611694336,10.681916236877441,27.90188217163086,7.294638633728027,1.103615403175354,43.87936019897461,4.383410930633545,5.740483283996582,23.79817008972168,96.06777954101562,2.072584867477417,3.1532325744628906,6.087503910064697,98.2020492553711,2.950181007385254,13.590633392333984,140.93214416503906,8.788020133972168,15.572033882141113,4.099582672119141,54.03139114379883,11.789344787597656,9.125077247619629,5.8494977951049805,6.921268939971924,25.281326293945312,30.273012161254883,27.06502914428711,9.972066879272461,4.216660976409912,15.882266998291016,14.886825561523438,17.234580993652344,4.979715824127197,18.558204650878906,5.661482334136963,0.0,6.2190842628479,282.1773986816406,5.961301326751709,3.655482292175293
1802late87,6.52297306060791,26.681882858276367,4.312625408172607,6.992455959320068,2.542799472808838,69.87384796142578,3.9360694885253906,16.581212997436523,4.620565414428711,28.395315170288086,3.7165942192077637,15.900151252746582,10.981834411621094,27.68922233581543,64.03472137451172,8.318286895751953,0.0,6.301145076751709,8.797669410705566,45.435054779052734,28.0236873626709,7.734464645385742,47.143714904785156,18.20724868774414,10.29340934753418,25.0346736907959,7.201000213623047,1.0817360877990723,42.90825271606445,4.3009867668151855,5.299314022064209,12.4137601852417,94.33402252197266,1.6511927843093872,3.068240165710449,5.612034797668457,99.30491638183594,2.5852363109588623,13.094857215881348,141.00115966796875,8.385563850402832,15.949480056762695,3.9469499588012695,52.994422912597656,11.343879699707031,8.910887718200684,5.75111722946167,6.312046527862549,24.697072982788086,30.194190979003906,26.461822509765625,9.439464569091797,4.124330997467041,15.383477210998535,15.109099388122559,16.654403686523438,4.868593692779541,18.90235710144043,5.25283670425415,0.0,5.763579845428467,277.24652099609375,5.7603960037231445,3.3115336894989014
1802late93,7.130527019500732,31.23476791381836,7.3551344871521,7.066970348358154,2.7568325996398926,66.59489440917969,4.470562934875488,16.68021011352539,4.590911388397217,29.297832489013672,3.910428762435913,17.16435432434082,19.061389923095703,30.384496688842773,63.75876235961914,8.266647338867188,0.0,7.130826473236084,6.006308555603027,45.17803955078125,28.613723754882812,8.092669486999512,49.50038528442383,16.78685188293457,12.522276878356934,33.02734375,7.250584125518799,1.091962218284607,42.94729232788086,4.280971527099609,6.479496955871582,25.9118709564209,93.74712371826172,1.4262017011642456,3.1847755908966064,6.134618759155273,99.42704772949219,2.7532684803009033,15.597482681274414,137.23892211914062,10.559382438659668,14.511979103088379,4.219649314880371,52.827606201171875,13.584253311157227,9.212358474731445,5.7345170974731445,6.832883358001709,24.678808212280273,31.506607055664062,30.77574920654297,9.964924812316895,4.1988396644592285,15.67748737335205,14.345779418945312,19.772310256958008,4.811702728271484,17.394224166870117,5.7173357009887695,0.0,6.299999237060547,275.2850341796875,6.071951866149902,3.614943265914917
1802late85,7.009635925292969,34.26448440551758,7.0170087814331055,7.233278274536133,2.8248188495635986,72.41163635253906,4.4873046875,16.622291564941406,4.5817155838012695,32.00601577758789,4.105383396148682,15.982325553894043,14.908995628356934,31.894344329833984,63.555747985839844,8.264348030090332,0.0005996375111863017,6.43292236328125,9.56247615814209,45.02423095703125,30.959815979003906,7.919030666351318,53.21467971801758,19.00468635559082,12.398282051086426,34.636932373046875,7.485428333282471,1.0712802410125732,42.812904357910156,4.264361381530762,6.178185939788818,26.369243621826172,93.46322631835938,2.3820269107818604,3.4066710472106934,6.0037665367126465,100.97412872314453,2.786165237426758,15.289112091064453,137.8971405029297,8.767107009887695,16.487361907958984,4.322201728820801,52.73771286010742,13.239995002746582,9.46426010131836,5.689640522003174,6.724922180175781,24.533905029296875,33.998146057128906,30.681909561157227,9.962688446044922,4.145771503448486,15.35851764678955,16.0235595703125,19.62476348876953,5.012228965759277,19.573848724365234,5.703129291534424,0.0,6.144390106201172,274.6841735839844,6.31268310546875,3.5568881034851074
1802late91,6.698305130004883,33.13589096069336,5.2994608879089355,7.275768756866455,2.549248218536377,73.46837615966797,4.140326023101807,16.385011672973633,4.525628089904785,31.888324737548828,4.0253119468688965,15.782267570495605,13.071587562561035,31.34651756286621,62.9196891784668,8.200448989868164,0.0,6.265514850616455,10.271644592285156,44.482818603515625,30.99544906616211,7.915757179260254,52.77829360961914,19.43513298034668,11.924254417419434,31.661691665649414,7.1938276290893555,1.0587115287780762,42.10395050048828,4.210232734680176,6.0417680740356445,16.68277359008789,92.35015869140625,2.0425620079040527,3.1976401805877686,5.590425491333008,101.71114349365234,2.7509517669677734,14.938512802124023,138.74366760253906,8.465786933898926,16.78602409362793,3.972641944885254,52.19080352783203,12.742015838623047,8.836334228515625,5.592939853668213,6.672812461853027,24.156723022460938,33.60593795776367,29.82042121887207,9.28725528717041,4.1048784255981445,15.262175559997559,16.068342208862305,18.980607986450195,4.859817981719971,19.7861270904541,5.099740028381348,0.0,5.734165191650391,271.482177734375,5.738811492919922,3.2123019695281982
1802late90,7.0623273849487305,30.328752517700195,7.373696327209473,7.401893615722656,2.9505486488342285,67.4565200805664,4.401960849761963,16.78851890563965,4.565572261810303,29.37617301940918,4.341259479522705,16.185754776000977,15.384217262268066,29.61366081237793,63.6413459777832,8.256704330444336,0.0,6.640875339508057,7.525516986846924,44.924251556396484,28.694223403930664,8.206477165222168,48.82078170776367,17.778547286987305,11.671548843383789,31.877614974975586,7.549508094787598,1.069580316543579,42.73023986816406,4.254661560058594,6.195693016052246,28.572357177734375,93.21790313720703,2.3366293907165527,3.4968035221099854,5.963563919067383,97.0634994506836,3.1418209075927734,14.694855690002441,136.5906982421875,9.325475692749023,15.609126091003418,4.293029308319092,52.88022232055664,12.750153541564941,9.410568237304688,5.815097332000732,6.933690071105957,24.61063003540039,31.44155502319336,28.85539436340332,9.771322250366211,4.233654499053955,15.582608222961426,14.993722915649414,18.531768798828125,4.986952304840088,18.050798416137695,5.6149773597717285,0.0,6.101263523101807,273.7333984375,6.220200538635254,3.6810624599456787
1802late84,7.0997843742370605,29.200138092041016,8.217745780944824,6.9732441902160645,3.0426716804504395,65.76411437988281,4.500613689422607,17.116798400878906,4.67604923248291,28.353530883789062,3.8343024253845215,16.738975524902344,16.774538040161133,29.065853118896484,64.84339904785156,8.41787052154541,0.0,6.845117092132568,6.248549461364746,45.98146057128906,27.900178909301758,8.28835391998291,47.5980110168457,17.04003143310547,11.6860933303833,31.959749221801758,7.41342306137085,1.1210490465164185,43.86959457397461,4.352352142333984,6.214620590209961,32.9056282043457,95.37120056152344,2.158942699432373,3.2389156818389893,6.188575744628906,96.9061279296875,2.761286735534668,14.582188606262207,139.3933868408203,9.796908378601074,14.87119197845459,4.406259059906006,53.82761764526367,12.876571655273438,9.553040504455566,6.0088701248168945,6.6248650550842285,25.47916603088379,30.895296096801758,28.85609245300293,10.179119110107422,4.2929511070251465,15.862226486206055,14.611898422241211,18.651512145996094,5.0068511962890625,17.790708541870117,5.956466197967529,0.0,6.351019859313965,279.9603271484375,6.326481819152832,3.989152669906616
1802late80,6.529853820800781,30.978839874267578,5.735841751098633,7.058286666870117,2.521181583404541,69.63166046142578,4.164144515991211,16.568092346191406,4.584351062774658,30.007675170898438,3.854599952697754,16.66464614868164,16.012847900390625,30.27051544189453,63.7053108215332,8.275774002075195,0.0,6.63589334487915,7.498041152954102,45.0749626159668,29.0414981842041,7.8692522048950195,50.25628662109375,17.51860237121582,11.953584671020508,30.738788604736328,7.108335971832275,1.072483777999878,42.537353515625,4.265254497528076,6.10928201675415,18.324420928955078,93.63815307617188,1.4999074935913086,3.0991904735565186,5.543983459472656,101.0351791381836,2.6150104999542236,15.013026237487793,138.7776336669922,9.711463928222656,15.399967193603516,3.9365122318267822,52.86397933959961,12.921419143676758,8.713016510009766,5.646378517150879,6.4977545738220215,24.381820678710938,31.8018856048584,29.927871704101562,9.169357299804688,4.1315131187438965,15.33357048034668,14.876952171325684,18.986896514892578,4.700668811798096,17.979448318481445,5.041382312774658,0.0,5.7363176345825195,275.3230895996094,5.606419086456299,3.2177886962890625
1802late94,7.1098246574401855,30.591371536254883,8.570441246032715,7.001434326171875,3.02799916267395,66.57711791992188,4.518143177032471,16.900163650512695,4.617956161499023,29.11493492126465,3.8995890617370605,16.24062728881836,16.148357391357422,29.64019203186035,64.04393005371094,8.31242561340332,0.0,6.630821228027344,7.120880603790283,45.395843505859375,28.577800750732422,8.145781517028809,48.67986297607422,17.52272605895996,11.821166038513184,33.442771911621094,7.479868412017822,1.0932000875473022,43.36967849731445,4.30069637298584,6.168447494506836,35.4773063659668,94.14257049560547,2.544955253601074,3.3389225006103516,6.224916458129883,96.1404037475586,2.8373124599456787,14.66123104095459,137.6106414794922,9.291885375976562,15.281543731689453,4.442755699157715,53.113487243652344,12.92238712310791,9.59327220916748,5.949141979217529,6.627338409423828,25.196874618530273,31.663686752319336,29.02836036682129,10.24332332611084,4.258294105529785,15.692919731140137,14.916801452636719,18.80646324157715,5.024097442626953,18.206443786621094,6.0255913734436035,0.0,6.3673295974731445,276.3358459472656,6.415524959564209,4.021223545074463
1802late95,6.9569993019104,28.76272201538086,6.145857810974121,7.305906295776367,2.9139564037323,72.06226348876953,4.12399959564209,16.881521224975586,4.649322986602783,29.878376007080078,4.018117904663086,15.157983779907227,8.223769187927246,28.545949935913086,64.43588256835938,8.471440315246582,7.03644473105669e-05,6.041752338409424,11.927334785461426,45.6406135559082,29.69468879699707,8.016233444213867,48.88861083984375,20.03985023498535,10.220592498779297,28.32229995727539,7.463261127471924,1.086340069770813,43.43019104003906,4.324516773223877,5.319030284881592,25.11014747619629,94.68599700927734,3.6326372623443604,3.2904481887817383,5.912166595458984,97.18862915039062,2.987358808517456,12.951899528503418,139.12319946289062,7.343483924865723,17.37808609008789,4.218418121337891,53.36344909667969,11.236750602722168,9.386078834533691,5.868053913116455,6.645298957824707,25.016040802001953,31.78434944152832,25.889352798461914,9.963886260986328,4.241802215576172,15.683626174926758,16.377723693847656,16.484756469726562,5.444053649902344,20.779865264892578,5.682308673858643,0.0,6.024393558502197,278.06103515625,6.228002548217773,3.683570146560669
1802late81,6.988903045654297,32.1011848449707,6.529773235321045,7.078338623046875,2.6174161434173584,71.14410400390625,4.242098331451416,16.697559356689453,4.6337385177612305,30.79759407043457,3.7612345218658447,16.135509490966797,15.037934303283691,30.778247833251953,64.24542236328125,8.346664428710938,0.0,6.610095977783203,8.479939460754395,45.575321197509766,30.153200149536133,8.058671951293945,51.4183235168457,18.499462127685547,12.045071601867676,32.34013366699219,6.970987796783447,1.086564540863037,43.225032806396484,4.311285972595215,6.119257926940918,23.361793518066406,94.62352752685547,1.7679846286773682,2.958620071411133,5.910821914672852,101.12126159667969,2.5935630798339844,15.05902099609375,139.23895263671875,9.102948188781738,15.799062728881836,3.996077537536621,53.238182067871094,12.949090003967285,8.851862907409668,5.672557830810547,6.676372528076172,24.657400131225586,32.66053771972656,29.97806167602539,9.741497039794922,4.173681735992432,15.683826446533203,15.382579803466797,19.101961135864258,4.859482765197754,19.055225372314453,5.448788166046143,0.0,6.0604071617126465,278.0210876464844,5.759873867034912,3.359126091003418
1802late97,7.3572869300842285,26.689403533935547,5.840529441833496,7.352266311645508,2.9091572761535645,69.17786407470703,4.208634853363037,17.202476501464844,4.723750114440918,28.34420394897461,4.053583145141602,16.198537826538086,11.705780982971191,27.855466842651367,65.69783020019531,8.540454864501953,0.0,6.650362014770508,8.432395935058594,46.43040084838867,28.364791870117188,8.437471389770508,46.91925048828125,18.564842224121094,10.477922439575195,26.528335571289062,7.432979106903076,1.111207127571106,44.28169250488281,4.3924736976623535,5.752320766448975,20.46026039123535,96.3765640258789,2.1795287132263184,3.239828109741211,6.237008094787598,98.79463958740234,3.0096182823181152,13.460502624511719,141.44119262695312,8.65653133392334,15.942558288574219,4.201540470123291,54.40739440917969,11.715760231018066,9.354165077209473,6.002254962921143,6.985593795776367,25.577804565429688,30.422504425048828,26.565773010253906,10.201791763305664,4.314083576202393,16.1909122467041,15.342894554138184,16.979354858398438,5.143327236175537,19.18754005432129,5.815587997436523,0.0,6.364767074584961,283.1536865234375,6.158980846405029,3.7732937335968018
1802late83,7.004660606384277,30.323749542236328,7.001723766326904,7.043041229248047,2.8407320976257324,68.9237060546875,4.363545894622803,16.827640533447266,4.634502410888672,29.603134155273438,3.7981340885162354,16.160341262817383,14.765686988830566,29.71062660217285,64.22282409667969,8.345884323120117,0.005524798296391964,6.627923488616943,7.8866400718688965,45.5700798034668,29.03870964050293,8.084537506103516,49.365478515625,18.078632354736328,11.601428031921387,31.35465431213379,7.249255657196045,1.090996265411377,43.32026290893555,4.320478916168213,6.010959148406982,26.464662551879883,94.55850219726562,2.008747100830078,3.134070634841919,6.0092949867248535,98.72145080566406,2.6922881603240967,14.537318229675293,138.53744506835938,9.112513542175293,15.529643058776855,4.243394374847412,53.24415588378906,12.658824920654297,9.323979377746582,5.820478916168213,6.687463760375977,24.971250534057617,31.75538444519043,28.882413864135742,9.90799617767334,4.22567081451416,15.683463096618652,15.13736629486084,18.511144638061523,5.014793872833252,18.53757095336914,5.695320129394531,0.00012277239875402302,6.14955472946167,277.685546875,6.169888973236084,3.6810505390167236
1802late82,7.326837062835693,31.474252700805664,6.813179969787598,7.437777996063232,2.999361276626587,71.73634338378906,4.401652812957764,16.825542449951172,4.633983612060547,30.782733917236328,4.285563945770264,15.847380638122559,12.274825096130371,30.224740982055664,64.3156967163086,8.36639404296875,0.02940279431641102,6.401080131530762,10.232189178466797,45.5295295715332,30.20004653930664,8.248495101928711,50.90696334838867,19.491539001464844,11.408159255981445,31.798362731933594,7.734474182128906,1.0852903127670288,43.257286071777344,4.3122124671936035,5.971490383148193,26.802766799926758,94.45567321777344,2.8952243328094482,3.5376288890838623,6.223074913024902,99.15568542480469,3.083162546157837,14.303853988647461,139.2681884765625,8.208481788635254,16.996868133544922,4.461115837097168,53.28713607788086,12.364093780517578,9.754500389099121,5.925978183746338,7.003981113433838,25.131349563598633,33.03179931640625,28.507871627807617,10.261955261230469,4.20540189743042,15.625038146972656,16.108858108520508,18.300477981567383,5.217231273651123,19.89897918701172,5.946712493896484,0.0,6.334915637969971,277.4281921386719,6.5207624435424805,3.9399325847625732
1802late96,7.027339935302734,30.554052352905273,6.8617048263549805,6.9978928565979,2.6879966259002686,66.33666229248047,4.378580570220947,16.469024658203125,4.54280424118042,28.96217155456543,3.8170411586761475,16.90407943725586,18.217029571533203,29.839265823364258,63.08361053466797,8.165358543395996,0.0,6.976502895355225,6.158517837524414,44.72221374511719,28.19597053527832,7.965529918670654,48.87937927246094,16.849828720092773,12.172884941101074,31.888174057006836,7.212331295013428,1.0836950540542603,42.485389709472656,4.237215042114258,6.295959949493408,23.660036087036133,92.83541107177734,1.4039419889450073,3.1648037433624268,6.067286968231201,98.67668914794922,2.7053353786468506,15.222176551818848,136.00672912597656,10.26049518585205,14.641837120056152,4.190747261047363,52.290000915527344,13.213306427001953,9.159528732299805,5.73037576675415,6.714590072631836,24.53398323059082,31.242935180664062,30.163867950439453,9.880655288696289,4.107058048248291,15.40223503112793,14.280789375305176,19.361942291259766,4.719252109527588,17.36850357055664,5.664211273193359,0.0,6.2249436378479,272.6552734375,6.021803855895996,3.616269826889038
1803lateDisease8,7.537327289581299,28.165048599243164,5.11850643157959,8.086484909057617,3.4981117248535156,70.4946060180664,4.856811046600342,17.536256790161133,4.792482852935791,29.163827896118164,5.1157612800598145,17.68775749206543,14.579301834106445,29.346906661987305,66.6310043334961,8.60641098022461,0.004311057273298502,7.147617816925049,7.2484517097473145,47.025047302246094,28.581684112548828,8.38264274597168,48.77009963989258,18.13243293762207,11.35569953918457,27.280427932739258,8.785929679870605,1.1320703029632568,45.016292572021484,4.454015731811523,6.014914512634277,13.59432315826416,97.54934692382812,1.9456498622894287,4.31298303604126,6.573207378387451,103.2626953125,3.599949359893799,14.320099830627441,145.3099365234375,9.977540969848633,16.598918914794922,4.984902381896973,55.28769302368164,12.70164680480957,10.963422775268555,6.126639366149902,7.339575290679932,25.882232666015625,31.370220184326172,28.733623504638672,10.921196937561035,4.363452434539795,15.966031074523926,15.804173469543457,18.1483211517334,5.399947166442871,19.080671310424805,6.561585903167725,0.0,6.729221820831299,286.6015625,7.4542975425720215,4.350865840911865
1793ready89,8.082590103149414,29.902090072631836,10.298993110656738,7.6728715896606445,3.4297940731048584,57.55018997192383,5.12760066986084,16.987363815307617,4.537952423095703,26.55289649963379,4.838229656219482,18.543235778808594,26.26289176940918,29.654361724853516,63.509178161621094,8.18874454498291,0.0,8.349782943725586,5.063851356506348,44.665733337402344,26.129011154174805,8.598748207092285,45.787193298339844,15.781359672546387,13.35669231414795,35.82352066040039,7.822329044342041,1.112693190574646,43.170692443847656,4.232023239135742,7.338972568511963,38.93536376953125,92.57672882080078,1.4558546543121338,3.801069498062134,6.869848728179932,94.51734161376953,3.7520763874053955,16.78665542602539,135.2313232421875,12.987908363342285,13.700199127197266,4.663825988769531,52.70225143432617,14.837984085083008,10.023611068725586,5.940954685211182,7.761617183685303,24.87887191772461,29.531827926635742,31.96125602722168,10.741572380065918,4.316141128540039,16.074880599975586,13.027043342590332,20.99039649963379,5.127402305603027,16.11227798461914,6.471899509429932,0.0,7.008425235748291,271.6495056152344,6.7671895027160645,4.293046951293945
1793ready76,8.032129287719727,26.963150024414062,9.607551574707031,7.683253765106201,3.3228261470794678,56.12708282470703,4.955008506774902,17.175764083862305,4.633065700531006,25.04691505432129,4.774472713470459,19.14500617980957,26.357419967651367,28.16756248474121,64.75476837158203,8.336864471435547,0.006777941714972258,8.603710174560547,5.103427886962891,45.633056640625,24.78335189819336,8.703725814819336,43.46123504638672,15.765082359313965,12.818290710449219,32.6837272644043,7.8894171714782715,1.1659140586853027,43.883506774902344,4.3252387046813965,7.230800628662109,34.92835998535156,94.59709930419922,1.3383632898330688,3.778549909591675,6.88020658493042,95.08837127685547,3.738901138305664,16.27915382385254,138.0885772705078,13.480931282043457,13.662508964538574,4.6337361335754395,53.6995964050293,14.397571563720703,9.970224380493164,6.062931537628174,7.748645305633545,25.42816734313965,28.069168090820312,31.02427864074707,10.767513275146484,4.333904266357422,16.31800079345703,12.761773109436035,20.33205223083496,5.06122350692749,16.267850875854492,6.4823784828186035,0.001683380687609315,7.0402116775512695,277.54931640625,6.671317100524902,4.365213394165039
1793ready77,7.216821670532227,30.438962936401367,8.556391716003418,7.1468000411987305,2.736593246459961,58.3277702331543,4.696355819702148,16.37814712524414,4.461960315704346,26.85603904724121,4.170681476593018,19.0032901763916,27.383848190307617,29.92671012878418,62.32252502441406,8.03393268585205,0.0,8.228549003601074,4.893880844116211,43.9918098449707,25.819595336914062,8.126922607421875,46.62838363647461,14.84959602355957,13.564945220947266,34.7739143371582,7.267550945281982,1.094425916671753,41.94049835205078,4.1691460609436035,7.271169662475586,28.718374252319336,91.29508209228516,1.106264352798462,3.307391405105591,6.162638187408447,96.9814453125,3.0287303924560547,16.980449676513672,133.4047088623047,13.439334869384766,13.002827644348145,4.242372989654541,51.69776916503906,14.819706916809082,9.09151554107666,5.739082336425781,7.132588863372803,24.274473190307617,29.65306282043457,32.963504791259766,9.694329261779785,4.081091403961182,15.386157989501953,12.461133003234863,21.447526931762695,4.61500358581543,15.587779998779297,5.5854878425598145,0.0,6.373574256896973,268.1259765625,5.935293197631836,3.646751880645752
1793ready88,7.116971492767334,29.039369583129883,8.451603889465332,7.048103332519531,2.8172991275787354,58.19355392456055,4.750970363616943,16.853317260742188,4.601944923400879,26.228126525878906,4.079689979553223,19.6578311920166,27.924354553222656,29.547922134399414,64.10247039794922,8.27270221710205,0.0,8.620977401733398,5.0592145919799805,45.313934326171875,25.447736740112305,8.188904762268066,45.81846237182617,15.168769836425781,13.524109840393066,33.418907165527344,7.276968002319336,1.1395875215530396,43.21323013305664,4.292856216430664,7.228236198425293,26.896400451660156,93.9785385131836,1.0834470987319946,3.24101185798645,6.177642822265625,98.6933364868164,2.967172622680664,16.960403442382812,137.2154541015625,14.037220001220703,13.1459321975708,4.209999084472656,53.12419128417969,14.93980598449707,9.114349365234375,5.902091026306152,6.9766364097595215,24.943361282348633,29.078815460205078,32.87110900878906,9.800912857055664,4.2247819900512695,15.877717018127441,12.407660484313965,21.359235763549805,4.810880184173584,15.833178520202637,5.675803184509277,0.0,6.4058918952941895,275.8550720214844,5.927170276641846,3.6676013469696045
1803lateDisease9,7.908174991607666,35.508148193359375,8.17690372467041,7.853875637054443,3.5632121562957764,73.58467864990234,5.105250835418701,17.460512161254883,4.692629337310791,32.90093231201172,4.815047740936279,16.622940063476562,15.531587600708008,33.089996337890625,65.300537109375,8.4902925491333,6.736417708452791e-05,6.908848285675049,9.919590950012207,45.9736442565918,32.32052993774414,8.435766220092773,54.51748275756836,19.77638053894043,12.951140403747559,36.575775146484375,8.266258239746094,1.0975871086120605,44.49124526977539,4.3571882247924805,6.583473205566406,30.53679847717285,95.30679321289062,3.1742472648620605,4.00142240524292,6.788191795349121,102.30239868164062,3.4520363807678223,16.060556411743164,140.06983947753906,9.16650104522705,17.342763900756836,4.987858772277832,54.132667541503906,14.118218421936035,10.729302406311035,6.076070785522461,7.433905601501465,25.680126190185547,35.4941291809082,31.470420837402344,11.190444946289062,4.426213264465332,16.260822296142578,16.967741012573242,20.3705997467041,5.660219192504883,20.611913681030273,6.754786968231201,0.0,6.900001525878906,279.8788757324219,7.4069905281066895,4.382833957672119
1808readyDisease8,7.999183654785156,37.02969741821289,12.074015617370605,7.595901012420654,3.5133614540100098,61.82817459106445,5.3610148429870605,16.466632843017578,4.375216484069824,30.336109161376953,4.9181437492370605,17.242340087890625,25.438331604003906,33.05678176879883,61.12334060668945,7.916929721832275,0.0,7.485651969909668,5.2605366706848145,42.982139587402344,29.31070899963379,8.287732124328613,51.688358306884766,16.16185188293457,14.535149574279785,43.621700286865234,8.070357322692871,1.0341137647628784,41.70758819580078,4.078614711761475,7.521667003631592,50.496910095214844,89.00609588623047,2.238036870956421,4.07632303237915,6.9140095710754395,93.66014862060547,3.6600492000579834,17.659791946411133,130.13465881347656,11.477967262268066,14.447998046875,5.102053165435791,50.697139739990234,15.628878593444824,10.629216194152832,5.995790004730225,7.525245666503906,24.423419952392578,33.921966552734375,34.07907485961914,10.98674201965332,4.226620197296143,15.369608879089355,14.19741153717041,22.65467071533203,5.138327598571777,16.662179946899414,6.796029090881348,0.0,7.027628421783447,261.1759338378906,7.371911525726318,4.610152244567871
1793ready75,6.607367038726807,28.64276695251465,7.265838146209717,6.939136505126953,2.9648220539093018,60.65459442138672,4.693984031677246,16.77703285217285,4.53126859664917,26.80015754699707,4.0214409828186035,18.664390563964844,23.81617546081543,29.2408390045166,63.141197204589844,8.148269653320312,0.0,7.904600620269775,5.019834995269775,44.63222122192383,25.921924591064453,7.818637371063232,46.090721130371094,14.958450317382812,12.779622077941895,31.326658248901367,7.500950813293457,1.094631552696228,42.61223602294922,4.228327751159668,6.659061431884766,22.054019927978516,92.61282348632812,1.1387146711349487,3.3987209796905518,5.778035640716553,98.14374542236328,2.7979836463928223,15.990755081176758,135.41665649414062,12.660674095153809,13.491551399230957,4.255188941955566,52.42597198486328,14.177175521850586,9.349800109863281,5.839260101318359,6.543865203857422,24.552143096923828,29.374835968017578,31.301433563232422,9.441106796264648,4.208681106567383,15.472325325012207,13.016023635864258,20.145069122314453,4.830893516540527,15.728571891784668,5.46144437789917,0.0,5.9942193031311035,271.9618835449219,6.121032238006592,3.496973991394043
1793ready74,7.953442096710205,28.41332244873047,10.05907917022705,7.606926918029785,3.2964017391204834,55.55229949951172,5.039259910583496,17.044397354125977,4.578081130981445,25.455812454223633,4.736304759979248,19.326770782470703,28.112590789794922,28.96345329284668,64.0182876586914,8.249658584594727,0.0,8.691244125366211,5.044327735900879,45.08737564086914,24.9697265625,8.595765113830566,44.312381744384766,15.538686752319336,13.369147300720215,34.617862701416016,7.830045223236084,1.165685772895813,43.37351608276367,4.274485111236572,7.4185991287231445,36.70124435424805,93.45307159423828,1.3025610446929932,3.77168869972229,6.823110103607178,94.96196746826172,3.6856770515441895,16.866722106933594,136.42672729492188,13.888428688049316,13.515878677368164,4.646459579467773,53.11032485961914,14.907390594482422,9.935736656188965,6.004278182983398,7.681024074554443,25.112274169921875,28.52309799194336,32.1209831237793,10.646382331848145,4.3145880699157715,16.143966674804688,12.666132926940918,21.085294723510742,5.013082981109619,16.053930282592773,6.4228410720825195,0.0,6.993204116821289,274.208740234375,6.656064510345459,4.3054680824279785
1808readyDisease9,7.573269367218018,29.349388122558594,9.397271156311035,7.229928970336914,3.115304470062256,59.7618293762207,4.814206600189209,16.80341148376465,4.584807872772217,26.817739486694336,4.288938522338867,18.21833610534668,23.604337692260742,29.14356231689453,63.751014709472656,8.250627517700195,0.0,7.827383995056152,5.1389479637146,45.080657958984375,26.162540435791016,8.385958671569824,46.051231384277344,15.717007637023926,12.784189224243164,34.20402526855469,7.670743465423584,1.0990877151489258,43.17312240600586,4.276821136474609,6.945869445800781,35.77956771850586,93.43717956542969,1.5276477336883545,3.5378384590148926,6.642401695251465,95.40289306640625,3.1919891834259033,15.898077964782715,136.5107421875,12.102400779724121,13.729480743408203,4.6782355308532715,52.8107795715332,14.09329891204834,9.958606719970703,6.113766193389893,7.136963367462158,25.338361740112305,30.056785583496094,30.99994468688965,10.609185218811035,4.23123836517334,15.752481460571289,13.251925468444824,20.3447265625,4.963266372680664,16.510330200195312,6.373325824737549,0.0,6.8133721351623535,274.2240295410156,6.689298152923584,4.3429460525512695
1804lateDisease9,8.063897132873535,34.73752212524414,8.225580215454102,7.951788902282715,3.596585988998413,73.07568359375,5.073314666748047,17.45665740966797,4.689295768737793,32.508113861083984,4.8788652420043945,16.445737838745117,14.802502632141113,32.5767936706543,65.23341369628906,8.49318790435791,0.0006221394287422299,6.892651557922363,10.1062593460083,45.9064826965332,32.076656341552734,8.523893356323242,53.739471435546875,19.86747169494629,12.669755935668945,35.90131759643555,8.258683204650879,1.0960519313812256,44.4769172668457,4.352224826812744,6.530768394470215,31.356704711914062,95.16802978515625,3.348146438598633,4.013787746429443,6.8922810554504395,101.25582885742188,3.5765504837036133,15.782557487487793,139.82899475097656,8.972443580627441,17.348548889160156,4.989953994750977,54.083282470703125,13.861930847167969,10.743906021118164,6.066997528076172,7.56154203414917,25.664146423339844,35.04710006713867,30.790985107421875,11.310383796691895,4.443383693695068,16.316131591796875,16.933204650878906,19.963071823120117,5.7182745933532715,20.682209014892578,6.836613655090332,0.0,6.991220474243164,279.4444274902344,7.428523063659668,4.4551568031311035
1793ready73,7.254629135131836,24.654809951782227,7.716042518615723,7.143228530883789,2.9750449657440186,57.890132904052734,4.596039295196533,17.223285675048828,4.707520008087158,24.497095108032227,4.087564945220947,19.083005905151367,23.79397201538086,27.090391159057617,65.45616912841797,8.453323364257812,0.0,8.356873512268066,5.1858367919921875,46.35479736328125,24.305238723754883,8.340009689331055,42.53230285644531,15.527780532836914,12.027734756469727,28.439834594726562,7.439202308654785,1.1736500263214111,44.24263000488281,4.392927646636963,6.64218807220459,24.877809524536133,96.12494659423828,1.1324360370635986,3.2789957523345947,6.28835916519165,97.13866424560547,3.0647284984588623,15.293190002441406,140.32957458496094,13.10071086883545,13.358256340026855,4.304440021514893,54.196537017822266,13.621432304382324,9.43471622467041,6.015309810638428,7.066224575042725,25.521413803100586,27.190105438232422,29.66765785217285,10.060134887695312,4.323897838592529,16.239835739135742,12.66882610321045,19.17050552368164,4.954375743865967,16.190338134765625,5.89644718170166,0.0,6.488708972930908,282.10174560546875,6.178427696228027,3.8921663761138916
1804lateDisease8,7.69287109375,27.889413833618164,5.58156156539917,8.170199394226074,3.700226068496704,69.73663330078125,4.980477809906006,17.65412712097168,4.791085243225098,28.90024185180664,5.21358585357666,17.661239624023438,14.515421867370605,29.160987854003906,66.57176971435547,8.617069244384766,0.009101580828428268,7.169767379760742,7.278877258300781,46.99768829345703,28.405576705932617,8.475090026855469,48.263851165771484,18.12489891052246,11.293350219726562,27.538476943969727,8.937861442565918,1.1379657983779907,45.096858978271484,4.451578140258789,6.053239345550537,16.37045669555664,97.46426391601562,2.170560121536255,4.446492671966553,6.7414870262146,102.12924194335938,3.741847038269043,14.237614631652832,144.46121215820312,9.95352554321289,16.660348892211914,5.145565509796143,55.280906677246094,12.710906028747559,11.258805274963379,6.205011367797852,7.438162803649902,26.013673782348633,31.244525909423828,28.431907653808594,11.195356369018555,4.413928508758545,16.028703689575195,15.864543914794922,18.034547805786133,5.526153564453125,19.148422241210938,6.821836471557617,4.388980596559122e-05,6.887359142303467,286.2090148925781,7.715079307556152,4.581127166748047
1808readyDisease2,7.551787853240967,29.078594207763672,8.833589553833008,7.328862190246582,3.1733086109161377,58.40033721923828,4.905069351196289,16.72425079345703,4.540652751922607,26.417137145996094,4.485437393188477,18.938188552856445,25.562963485717773,29.238685607910156,63.142578125,8.201238632202148,0.0,8.168097496032715,5.1185455322265625,44.600162506103516,25.604562759399414,8.470205307006836,45.588653564453125,15.383133888244629,13.110198020935059,33.635013580322266,7.74655818939209,1.0935308933258057,42.67499923706055,4.241637706756592,7.215169429779053,30.637958526611328,92.36119079589844,1.5434621572494507,3.6668403148651123,6.624575138092041,95.95413208007812,3.2683229446411133,16.320220947265625,134.88638305664062,12.986908912658691,13.571660041809082,4.6951470375061035,52.37380599975586,14.491556167602539,9.997635841369629,6.1456475257873535,7.229606628417969,25.166465759277344,29.743701934814453,31.668899536132812,10.521084785461426,4.259418487548828,15.606110572814941,12.975610733032227,20.88643455505371,4.9320173263549805,16.300189971923828,6.3193888664245605,0.0,6.818691730499268,270.96234130859375,6.7019524574279785,4.324621200561523
1803lateDisease1,8.350579261779785,46.67461395263672,9.324607849121094,8.573831558227539,3.8808910846710205,81.2823715209961,5.694156169891357,16.92637825012207,4.458937168121338,39.25043487548828,5.8412861824035645,16.017881393432617,16.21251106262207,39.141563415527344,62.45961380004883,8.172183990478516,0.0,6.504060745239258,14.488797187805176,43.633758544921875,37.627933502197266,8.294522285461426,64.50836944580078,22.482101440429688,15.19448184967041,47.14370346069336,9.12673568725586,1.0353912115097046,42.51301574707031,4.131216049194336,7.283371925354004,36.601078033447266,90.48453521728516,4.488919734954834,4.919548034667969,7.102730751037598,105.33335876464844,4.006198883056641,18.396984100341797,134.81292724609375,8.32632827758789,20.101299285888672,5.589227199554443,51.96796798706055,15.869950294494629,11.743030548095703,5.950888633728027,7.919924259185791,24.570941925048828,42.021568298339844,36.15137481689453,11.710250854492188,4.290798187255859,15.477293968200684,19.428871154785156,23.5611515045166,6.0454511642456055,23.190589904785156,7.213431358337402,0.0,7.168318271636963,265.90167236328125,8.347932815551758,4.586949825286865
1804lateDisease5,8.150785446166992,36.1391487121582,9.295949935913086,7.782365322113037,3.6987791061401367,71.93424224853516,5.298966407775879,17.42965316772461,4.683484077453613,32.686424255371094,4.748041152954102,16.75480842590332,17.153745651245117,33.31938171386719,64.95284271240234,8.486160278320312,0.0,6.97805118560791,8.99780559539795,45.803070068359375,32.007850646972656,8.61551570892334,54.38557815551758,19.377262115478516,13.285208702087402,38.5386848449707,8.341379165649414,1.0904531478881836,44.416534423828125,4.3434624671936035,6.860349655151367,36.6084098815918,94.90502166748047,3.4198415279388428,4.041030406951904,7.166172981262207,100.8621826171875,3.459953546524048,16.32260513305664,139.49334716796875,9.437012672424316,16.878826141357422,5.323575496673584,53.877235412597656,14.467061996459961,11.224233627319336,6.162161827087402,7.484772205352783,25.89476776123047,35.70412826538086,31.998106002807617,11.761327743530273,4.4430623054504395,16.175525665283203,16.66977882385254,20.961944580078125,5.660778522491455,20.131895065307617,7.295823097229004,0.0,7.2737507820129395,278.5065002441406,7.853021621704102,4.913543224334717
1793ready80,7.975874423980713,26.897151947021484,10.218655586242676,7.426880359649658,3.364161252975464,55.61593246459961,4.963757038116455,17.176799774169922,4.6143574714660645,24.902782440185547,4.5357441902160645,18.802997589111328,25.618316650390625,27.952272415161133,64.42596435546875,8.3137845993042,0.0,8.371295928955078,5.104950428009033,45.417236328125,24.685142517089844,8.694099426269531,43.08979034423828,15.651098251342773,12.645145416259766,33.19358444213867,7.768222808837891,1.166041612625122,43.7939338684082,4.306459903717041,7.158054351806641,39.138328552246094,94.10198211669922,1.5214544534683228,3.641197681427002,6.899314880371094,93.29430389404297,3.5552449226379395,15.986050605773926,137.35423278808594,13.065360069274902,13.522692680358887,4.710414886474609,53.41282653808594,14.244067192077637,10.044013023376465,6.171994686126709,7.540797710418701,25.583559036254883,28.224679946899414,30.47250747680664,10.836237907409668,4.354609489440918,16.23750877380371,12.829161643981934,20.126766204833984,5.130256652832031,16.44439125061035,6.582004547119141,0.0,7.058931350708008,276.0068359375,6.761075973510742,4.529094219207764
1793ready81,6.8009114265441895,26.97408103942871,7.627002716064453,6.861911296844482,2.855067729949951,59.91191864013672,4.531561851501465,16.898500442504883,4.609433650970459,25.932201385498047,3.7962734699249268,18.43525505065918,22.831445693969727,28.202125549316406,64.13037872314453,8.289766311645508,0.0,7.926761627197266,5.098104476928711,45.38938522338867,25.493144989013672,8.141873359680176,44.63945007324219,15.206470489501953,12.280981063842773,30.192180633544922,7.124157428741455,1.1265511512756348,43.30009460449219,4.299571990966797,6.635787487030029,24.99359703063965,94.15484619140625,1.1202021837234497,3.056989908218384,5.877883434295654,97.14971923828125,2.736936330795288,15.499197006225586,137.52134704589844,12.41043758392334,13.275105476379395,4.080590724945068,53.15617370605469,13.707859992980957,9.00070571899414,5.883244514465332,6.689681529998779,24.98443031311035,28.54523277282715,30.196191787719727,9.519729614257812,4.25014591217041,15.855765342712402,12.733879089355469,19.532093048095703,4.858469009399414,15.932292938232422,5.468153476715088,0.0,6.086889743804932,276.3801574707031,5.841958999633789,3.5324490070343018
1804lateDisease4,8.72862720489502,32.275123596191406,9.040101051330566,8.609487533569336,4.013611316680908,69.02423858642578,5.2497076988220215,17.499244689941406,4.631308555603027,30.737930297851562,5.7860541343688965,16.46080207824707,14.743212699890137,30.941884994506836,64.81314086914062,8.415694236755371,0.0018019108101725578,6.982491493225098,9.014187812805176,45.3944206237793,30.54970932006836,8.955772399902344,50.518245697021484,19.258249282836914,12.066832542419434,34.835906982421875,8.957249641418457,1.0962533950805664,44.0884895324707,4.303239345550537,6.666780471801758,36.93659973144531,94.02113342285156,3.80155873298645,4.676976203918457,7.331815719604492,96.71390533447266,4.439996719360352,15.293911933898926,137.72787475585938,8.919524192810059,17.151718139648438,5.408642292022705,53.79425811767578,13.371721267700195,11.574193954467773,6.313169002532959,8.290881156921387,25.679767608642578,33.563140869140625,29.209205627441406,11.773733139038086,4.487644672393799,16.40085220336914,16.4584903717041,19.17816734313965,5.737627983093262,19.854515075683594,7.281144142150879,0.0,7.387581825256348,275.8948974609375,8.104301452636719,5.0187482833862305
1808readyDisease3,7.534201622009277,32.61398696899414,9.565937042236328,7.53633975982666,3.152529001235962,59.63418197631836,5.042776107788086,16.437095642089844,4.44732666015625,28.030282974243164,4.825390338897705,18.73719596862793,26.921720504760742,31.0044002532959,62.1433219909668,8.019851684570312,0.0,7.983486175537109,4.967153072357178,43.778533935546875,26.791358947753906,8.21585750579834,48.390838623046875,15.270851135253906,13.93188762664795,37.58137512207031,8.049077033996582,1.073097825050354,41.899105072021484,4.152606964111328,7.384206771850586,34.95525360107422,90.77324676513672,1.470527172088623,3.9799187183380127,6.5417304039001465,96.37040710449219,3.472067356109619,17.17867660522461,132.7152557373047,12.901228904724121,13.829728126525879,4.835821628570557,51.541542053222656,15.120850563049316,10.233266830444336,6.0096611976623535,7.362362384796143,24.627899169921875,31.370697021484375,33.464256286621094,10.415130615234375,4.130317211151123,15.244413375854492,13.254106521606445,21.948755264282227,4.794690132141113,16.027774810791016,6.294155597686768,0.0,6.728002548217773,266.49249267578125,6.911888122558594,4.247931480407715
1808readyDisease1,8.02741813659668,29.903953552246094,11.246983528137207,7.615931987762451,3.594373941421509,57.29682159423828,5.134694576263428,16.97984504699707,4.519603729248047,26.554962158203125,4.915238857269287,17.912456512451172,24.453166961669922,29.297222137451172,63.145660400390625,8.172417640686035,0.0023914966732263565,7.873713493347168,5.175163269042969,44.41209411621094,26.08797836303711,8.605931282043457,45.40493392944336,15.78947639465332,13.027962684631348,36.685428619384766,8.080263137817383,1.113016128540039,42.9693489074707,4.222304344177246,7.19753360748291,46.191036224365234,91.95738220214844,2.024972677230835,3.9874589443206787,6.969504356384277,91.66815185546875,3.835334300994873,16.18869400024414,134.31639099121094,12.078007698059082,13.944099426269531,4.975326061248779,52.388458251953125,14.460423469543457,10.51055908203125,6.227220058441162,7.603148937225342,25.239585876464844,30.05037498474121,30.895294189453125,11.039443969726562,4.366014003753662,15.906925201416016,13.364538192749023,20.5615177154541,5.208277702331543,16.525930404663086,6.814141750335693,0.0,7.104045867919922,269.707275390625,7.192322254180908,4.7532830238342285
1803lateDisease2,8.80799674987793,37.871368408203125,8.538055419921875,8.922222137451172,3.607447385787964,70.63402557373047,5.352287292480469,16.803184509277344,4.525041103363037,32.9968147277832,6.209125518798828,17.59834098815918,21.074142456054688,34.23167419433594,63.53365707397461,8.181077003479004,0.004628992639482021,7.537251949310303,7.3777360916137695,44.41385269165039,31.94025230407715,8.730413436889648,55.424720764160156,18.570096969604492,14.172231674194336,39.7926139831543,9.11117172241211,1.0574465990066528,42.8913688659668,4.206925392150879,7.433584213256836,30.28188705444336,92.12687683105469,2.490265130996704,4.929171085357666,7.310325622558594,102.27958679199219,4.534027576446533,17.6895694732666,135.969482421875,10.640892028808594,16.807968139648438,5.268941879272461,52.73757553100586,15.141633033752441,11.243534088134766,5.871383190155029,8.627291679382324,24.682077407836914,35.63825988769531,34.2274055480957,11.561686515808105,4.186377048492432,15.802946090698242,16.14739990234375,22.22161293029785,5.268106460571289,19.00275993347168,7.02310848236084,0.0,7.401851177215576,270.6911926269531,7.80496072769165,4.568489074707031
1804lateDisease6,8.771062850952148,38.10100173950195,9.962278366088867,8.118782043457031,3.202028751373291,70.98797607421875,5.049279689788818,16.829822540283203,4.5945210456848145,33.095706939697266,4.962240219116211,16.598060607910156,19.61046600341797,34.073577880859375,64.05377197265625,8.318727493286133,5.848540695296833e-06,7.293365955352783,8.199302673339844,45.015052795410156,32.732933044433594,8.77677059173584,55.4749870300293,19.04709243774414,14.00352668762207,41.23503494262695,7.647070407867432,1.0749249458312988,43.63613510131836,4.267360687255859,7.323242664337158,39.468265533447266,93.29203033447266,2.9193620681762695,3.7028133869171143,7.384202480316162,100.54524993896484,3.8038880825042725,17.449892044067383,136.69325256347656,9.765607833862305,16.02496337890625,4.836245059967041,52.89442825317383,14.952977180480957,10.184653282165527,5.798272132873535,8.21858024597168,25.123119354248047,35.8808708190918,33.4964485168457,11.691743850708008,4.265878200531006,16.38935089111328,15.925135612487793,22.047819137573242,5.332298278808594,19.604955673217773,7.040614604949951,0.0,7.452543258666992,273.8448181152344,7.0391058921813965,4.53465461730957
1793ready83,7.189332962036133,25.18199920654297,8.284561157226562,7.0547919273376465,3.078913688659668,57.65488052368164,4.665113925933838,17.231996536254883,4.666733741760254,24.71674156188965,4.006243705749512,18.695171356201172,23.405860900878906,27.261995315551758,64.96284484863281,8.383562088012695,0.0,8.210478782653809,5.139744758605957,45.954200744628906,24.53263282775879,8.323689460754395,42.680580139160156,15.477285385131836,12.037240028381348,29.437347412109375,7.410655975341797,1.166922688484192,44.01401901245117,4.356367588043213,6.642448425292969,28.59197425842285,95.27561950683594,1.1621580123901367,3.273656129837036,6.226572036743164,95.72466278076172,3.0184481143951416,15.279723167419434,139.0901641845703,12.779373168945312,13.417593955993652,4.303532123565674,53.85429763793945,13.64215087890625,9.427478790283203,6.006616115570068,6.951733112335205,25.379819869995117,27.416526794433594,29.511131286621094,9.987093925476074,4.3448166847229,16.201255798339844,12.676993370056152,19.111900329589844,5.023420810699463,16.134815216064453,5.8683366775512695,0.0,6.422144889831543,279.5967102050781,6.18966007232666,3.880786180496216
1793ready82,8.369850158691406,28.529071807861328,10.765453338623047,7.699512004852295,3.658877372741699,56.13459777832031,5.244564056396484,17.261577606201172,4.590843200683594,25.62132453918457,4.867336273193359,18.824298858642578,26.44982147216797,28.93951988220215,64.10590362548828,8.282639503479004,0.002704314421862364,8.555829048156738,5.127633571624756,45.17052459716797,25.523866653442383,8.803778648376465,44.38351821899414,15.947888374328613,13.165770530700684,35.12211990356445,8.005653381347656,1.1366777420043945,43.86246871948242,4.279691219329834,7.348391056060791,41.21918487548828,93.56018829345703,1.5865733623504639,3.8864946365356445,7.176630973815918,93.62069702148438,3.781834840774536,16.527196884155273,136.61619567871094,13.196964263916016,13.812684059143066,4.924787998199463,53.194374084472656,14.793594360351562,10.49163818359375,6.122880458831787,7.818906784057617,25.446256637573242,29.001686096191406,31.37725257873535,11.230506896972656,4.3997626304626465,16.333724975585938,13.054643630981445,20.758769989013672,5.316965103149414,16.45744514465332,6.922533988952637,4.3333726353012025e-05,7.313063144683838,274.43145751953125,7.131673812866211,4.733860969543457
1804lateDisease7,8.448219299316406,33.44269561767578,7.748842716217041,8.403643608093262,3.6824817657470703,72.4971923828125,5.047099590301514,17.352394104003906,4.653807640075684,31.934616088867188,5.389284610748291,16.28745460510254,13.61396598815918,31.7486629486084,64.9491958618164,8.441204071044922,0.0012789051979780197,6.867911338806152,10.253373146057129,45.60952377319336,31.632774353027344,8.790648460388184,52.568214416503906,20.054323196411133,12.179694175720215,34.251548767089844,8.557701110839844,1.0894323587417603,44.12277603149414,4.3234357833862305,6.524444103240967,29.41316795349121,94.52110290527344,3.3635098934173584,4.318848609924316,7.117781639099121,100.09508514404297,4.037082672119141,15.37448787689209,139.28268432617188,8.648375511169434,17.55031967163086,5.105044841766357,53.83723449707031,13.358139038085938,11.028426170349121,6.129307746887207,8.035358428955078,25.482728958129883,34.44573974609375,29.773746490478516,11.532817840576172,4.420452117919922,16.283498764038086,16.883514404296875,19.35405731201172,5.729388236999512,20.631479263305664,6.984982967376709,0.0,7.188488006591797,277.5046691894531,7.649898052215576,4.648422718048096
